-4.840342712402343750e+01,-4.936653518676757812e+01,-5.137133789062500000e+01,-5.101406860351562500e+01,-4.964369201660156250e+01,-4.848915863037109375e+01,-4.764623260498046875e+01,-5.052483367919921875e+01,-4.580310440063476562e+01,-4.988483428955078125e+01,-4.652090072631835938e+01,-5.195542144775390625e+01,-4.886423492431640625e+01,-5.134918594360351562e+01,-4.750209045410156250e+01,-4.726841735839843750e+01,-4.950530242919921875e+01,-4.854750442504882812e+01,-4.828152465820312500e+01,-4.844543075561523438e+01
-4.081317138671875000e+01,-4.350516128540039062e+01,-4.591310119628906250e+01,-4.313049316406250000e+01,-4.323683929443359375e+01,-4.242526245117187500e+01,-4.197753143310546875e+01,-4.253051376342773438e+01,-4.194153594970703125e+01,-4.040897369384765625e+01,-3.960153961181640625e+01,-3.989881134033203125e+01,-4.361286926269531250e+01,-4.229477691650390625e+01,-4.220002746582031250e+01,-4.181827545166015625e+01,-4.143582534790039062e+01,-4.158189392089843750e+01,-3.905294799804687500e+01,-4.028849029541015625e+01
-3.813714981079101562e+01,-4.244882202148437500e+01,-4.601199722290039062e+01,-4.370230102539062500e+01,-4.169546508789062500e+01,-4.157867050170898438e+01,-4.084673309326171875e+01,-4.527751159667968750e+01,-4.286228942871093750e+01,-3.957133865356445312e+01,-3.968282318115234375e+01,-4.012884902954101562e+01,-4.312532043457031250e+01,-4.349729156494140625e+01,-4.217546081542968750e+01,-4.171697616577148438e+01,-4.036964416503906250e+01,-4.184162902832031250e+01,-3.930737304687500000e+01,-4.058487701416015625e+01
-4.121198272705078125e+01,-3.909321212768554688e+01,-4.789762115478515625e+01,-4.051996231079101562e+01,-5.009688568115234375e+01,-5.222048187255859375e+01,-4.636330795288085938e+01,-5.498368453979492188e+01,-4.819307708740234375e+01,-4.613891220092773438e+01,-4.519609069824218750e+01,-3.820629119873046875e+01,-5.206381988525390625e+01,-5.083517837524414062e+01,-4.855031585693359375e+01,-4.376990890502929688e+01,-4.560128021240234375e+01,-4.934888839721679688e+01,-4.539321899414062500e+01,-5.009019470214843750e+01
-3.451285171508789062e+01,-2.914588165283203125e+01,-2.793936157226562500e+01,-2.747550201416015625e+01,-4.826682662963867188e+01,-5.353192138671875000e+01,-4.056149291992187500e+01,-4.147373962402343750e+01,-3.357853698730468750e+01,-3.030477714538574219e+01,-3.238863754272460938e+01,-2.631810951232910156e+01,-4.720807647705078125e+01,-5.299922180175781250e+01,-4.478971862792968750e+01,-3.973117065429687500e+01,-3.832795715332031250e+01,-4.486790466308593750e+01,-4.170854187011718750e+01,-3.786157608032226562e+01
-2.892757415771484375e+01,-2.260272789001464844e+01,-1.689641952514648438e+01,-2.172998428344726562e+01,-4.962570190429687500e+01,-4.489459609985351562e+01,-2.262877655029296875e+01,-1.759459686279296875e+01,-1.720864295959472656e+01,-1.750854110717773438e+01,-1.695596313476562500e+01,-2.004534912109375000e+01,-4.586237716674804688e+01,-5.196318435668945312e+01,-3.258876037597656250e+01,-1.703875350952148438e+01,-1.280048751831054688e+01,-1.232851886749267578e+01,-1.308213424682617188e+01,-1.356134223937988281e+01
-3.432440567016601562e+01,-2.726406860351562500e+01,-2.187842750549316406e+01,-2.734320449829101562e+01,-5.136307144165039062e+01,-4.647198486328125000e+01,-1.793918037414550781e+01,-1.544550228118896484e+01,-1.962372589111328125e+01,-2.236713027954101562e+01,-2.036583900451660156e+01,-2.454800796508789062e+01,-5.262991333007812500e+01,-5.130698013305664062e+01,-2.951807594299316406e+01,-1.594042205810546875e+01,-1.152755832672119141e+01,-1.146107482910156250e+01,-1.301995086669921875e+01,-1.388836669921875000e+01
-2.776979827880859375e+01,-3.158788681030273438e+01,-4.016873168945312500e+01,-4.046880722045898438e+01,-4.907112884521484375e+01,-4.631665039062500000e+01,-1.866015625000000000e+01,-2.446535491943359375e+01,-3.580838012695312500e+01,-4.629649734497070312e+01,-3.682682037353515625e+01,-3.609944915771484375e+01,-5.390219879150390625e+01,-5.141262435913085938e+01,-2.909199333190917969e+01,-2.267410278320312500e+01,-2.011421966552734375e+01,-2.252149009704589844e+01,-2.449814987182617188e+01,-2.696469497680664062e+01
-3.145427513122558594e+01,-3.926948547363281250e+01,-4.963809967041015625e+01,-5.072726821899414062e+01,-6.445714569091796875e+01,-5.241057205200195312e+01,-2.406791496276855469e+01,-4.414605331420898438e+01,-4.692005157470703125e+01,-5.708702468872070312e+01,-4.876226425170898438e+01,-4.998070526123046875e+01,-5.852391433715820312e+01,-5.913415145874023438e+01,-3.170426940917968750e+01,-3.415177154541015625e+01,-3.622482299804687500e+01,-4.870428466796875000e+01,-3.728765869140625000e+01,-5.056148910522460938e+01
-3.667918014526367188e+01,-2.907955169677734375e+01,-4.484088134765625000e+01,-4.317193984985351562e+01,-6.376407623291015625e+01,-5.293875503540039062e+01,-2.627200317382812500e+01,-4.695573425292968750e+01,-4.628405761718750000e+01,-5.218628692626953125e+01,-4.839133834838867188e+01,-4.290282821655273438e+01,-5.259000396728515625e+01,-5.783124542236328125e+01,-3.269239425659179688e+01,-3.267850112915039062e+01,-4.065233230590820312e+01,-4.879506301879882812e+01,-3.869070816040039062e+01,-5.471038055419921875e+01
-3.104165840148925781e+01,-2.261320304870605469e+01,-2.550676155090332031e+01,-3.467107772827148438e+01,-5.897100830078125000e+01,-5.510065841674804688e+01,-2.921229743957519531e+01,-4.750549316406250000e+01,-4.216891479492187500e+01,-3.426197814941406250e+01,-4.656117248535156250e+01,-3.272713470458984375e+01,-5.571267318725585938e+01,-5.532130432128906250e+01,-3.382820129394531250e+01,-3.055231857299804688e+01,-3.669501495361328125e+01,-4.500915527343750000e+01,-3.604003906250000000e+01,-5.163951110839843750e+01
-3.160679435729980469e+01,-2.053760528564453125e+01,-1.600033187866210938e+01,-3.400493240356445312e+01,-5.232945251464843750e+01,-4.982183456420898438e+01,-2.997694778442382812e+01,-2.734334945678710938e+01,-2.058312606811523438e+01,-1.864149093627929688e+01,-2.071343612670898438e+01,-2.802804946899414062e+01,-5.053961181640625000e+01,-5.318289947509765625e+01,-3.339049148559570312e+01,-2.263340759277343750e+01,-2.582138252258300781e+01,-2.509700775146484375e+01,-2.213475418090820312e+01,-2.116095542907714844e+01
-4.020043945312500000e+01,-2.699161148071289062e+01,-2.013226127624511719e+01,-3.809050750732421875e+01,-5.258916473388671875e+01,-5.360619735717773438e+01,-2.809853172302246094e+01,-1.822432899475097656e+01,-1.913797378540039062e+01,-2.078091812133789062e+01,-2.036706161499023438e+01,-3.150340652465820312e+01,-5.840038299560546875e+01,-5.371707916259765625e+01,-3.662458801269531250e+01,-1.778429222106933594e+01,-1.828396987915039062e+01,-1.709984397888183594e+01,-1.615561294555664062e+01,-1.524432373046875000e+01
-4.061928558349609375e+01,-3.676315307617187500e+01,-3.298445892333984375e+01,-4.202893066406250000e+01,-5.737966156005859375e+01,-5.675983810424804688e+01,-2.363021850585937500e+01,-1.905887413024902344e+01,-2.893218040466308594e+01,-3.704206466674804688e+01,-3.160104560852050781e+01,-3.763848495483398438e+01,-6.137237548828125000e+01,-5.572043991088867188e+01,-3.912079620361328125e+01,-1.958858871459960938e+01,-2.007781410217285156e+01,-2.007701873779296875e+01,-2.070753669738769531e+01,-2.003720855712890625e+01
-4.484448242187500000e+01,-3.872956848144531250e+01,-4.203248214721679688e+01,-4.893835449218750000e+01,-6.688345336914062500e+01,-5.592433929443359375e+01,-2.352802085876464844e+01,-3.365110015869140625e+01,-4.798970413208007812e+01,-5.320473098754882812e+01,-5.241452407836914062e+01,-5.367565536499023438e+01,-6.374950790405273438e+01,-6.062796020507812500e+01,-3.987957763671875000e+01,-2.697349357604980469e+01,-3.616418075561523438e+01,-3.933210754394531250e+01,-4.048092651367187500e+01,-3.903908920288085938e+01
-4.245659637451171875e+01,-3.301732635498046875e+01,-4.019996261596679688e+01,-4.400538253784179688e+01,-6.219396209716796875e+01,-5.896995544433593750e+01,-2.505698966979980469e+01,-4.178466796875000000e+01,-4.893322753906250000e+01,-4.939341735839843750e+01,-5.052905654907226562e+01,-4.721112060546875000e+01,-5.962817382812500000e+01,-5.860399627685546875e+01,-3.698502731323242188e+01,-3.210053634643554688e+01,-4.945198822021484375e+01,-5.303022003173828125e+01,-4.477585601806640625e+01,-5.635627746582031250e+01
-4.331924819946289062e+01,-2.596595573425292969e+01,-3.165954589843750000e+01,-3.915997314453125000e+01,-6.069913482666015625e+01,-5.912799072265625000e+01,-2.814554786682128906e+01,-4.769049453735351562e+01,-5.028288269042968750e+01,-4.233143615722656250e+01,-4.870645904541015625e+01,-3.946798706054687500e+01,-5.919639587402343750e+01,-5.374328231811523438e+01,-3.647801589965820312e+01,-3.387755203247070312e+01,-5.258698654174804688e+01,-5.710094451904296875e+01,-4.621568298339843750e+01,-7.004514312744140625e+01
-4.206562042236328125e+01,-2.358684349060058594e+01,-1.917387962341308594e+01,-3.456370544433593750e+01,-5.315409088134765625e+01,-5.813123321533203125e+01,-2.900470352172851562e+01,-4.226704406738281250e+01,-2.776538085937500000e+01,-2.459843826293945312e+01,-2.789541053771972656e+01,-3.589093780517578125e+01,-6.195759582519531250e+01,-5.241783905029296875e+01,-3.403730010986328125e+01,-3.146829986572265625e+01,-4.931038665771484375e+01,-4.745747375488281250e+01,-3.704177856445312500e+01,-3.606069946289062500e+01
-4.059556961059570312e+01,-3.048805809020996094e+01,-2.089721107482910156e+01,-3.889720153808593750e+01,-5.595757675170898438e+01,-4.990692901611328125e+01,-3.107301330566406250e+01,-2.860661888122558594e+01,-2.198164367675781250e+01,-2.452080154418945312e+01,-2.489734649658203125e+01,-3.798281097412109375e+01,-5.968178939819335938e+01,-5.488319396972656250e+01,-3.441695404052734375e+01,-2.139417076110839844e+01,-3.076608276367187500e+01,-3.063786125183105469e+01,-2.734419441223144531e+01,-2.341487884521484375e+01
-3.840531921386718750e+01,-4.429888153076171875e+01,-2.877659606933593750e+01,-4.911520385742187500e+01,-5.951145935058593750e+01,-4.588523483276367188e+01,-2.692958831787109375e+01,-1.965120315551757812e+01,-2.605693054199218750e+01,-3.698929214477539062e+01,-3.264580535888671875e+01,-4.344255065917968750e+01,-5.948005676269531250e+01,-5.646368789672851562e+01,-3.379041290283203125e+01,-1.583748817443847656e+01,-2.565219688415527344e+01,-2.565304183959960938e+01,-2.391045188903808594e+01,-2.213099861145019531e+01
-4.083623123168945312e+01,-4.467715454101562500e+01,-3.991458511352539062e+01,-5.201938629150390625e+01,-5.813848114013671875e+01,-5.121615600585937500e+01,-2.685749244689941406e+01,-2.289490890502929688e+01,-4.112649536132812500e+01,-5.564357376098632812e+01,-5.034313201904296875e+01,-5.409875869750976562e+01,-6.352151107788085938e+01,-5.310953140258789062e+01,-3.808126068115234375e+01,-2.052507591247558594e+01,-3.503207778930664062e+01,-3.532059478759765625e+01,-3.294561004638671875e+01,-3.520944595336914062e+01
-4.489421463012695312e+01,-3.885487747192382812e+01,-4.276370239257812500e+01,-5.104795074462890625e+01,-5.667568588256835938e+01,-4.841896057128906250e+01,-2.517938041687011719e+01,-3.001971817016601562e+01,-4.561566162109375000e+01,-5.406737518310546875e+01,-4.847828674316406250e+01,-4.973438262939453125e+01,-6.041912841796875000e+01,-5.003800964355468750e+01,-4.126533508300781250e+01,-3.057634353637695312e+01,-3.990315628051757812e+01,-5.294446182250976562e+01,-3.856847000122070312e+01,-4.966915512084960938e+01
-4.668437194824218750e+01,-3.455545043945312500e+01,-4.280580520629882812e+01,-4.642628479003906250e+01,-5.975747299194335938e+01,-4.642613220214843750e+01,-2.515838050842285156e+01,-3.858562088012695312e+01,-4.857408142089843750e+01,-4.389579391479492188e+01,-4.750315093994140625e+01,-4.327983093261718750e+01,-6.517099761962890625e+01,-5.066543197631835938e+01,-4.942528533935546875e+01,-4.204197692871093750e+01,-5.091356658935546875e+01,-6.357178115844726562e+01,-3.956554031372070312e+01,-5.599324035644531250e+01
-5.210645294189453125e+01,-3.481576538085937500e+01,-3.295330810546875000e+01,-4.892279434204101562e+01,-5.663197708129882812e+01,-4.457282257080078125e+01,-2.659843254089355469e+01,-4.076134109497070312e+01,-2.995769119262695312e+01,-2.405095100402832031e+01,-2.812711715698242188e+01,-3.514355468750000000e+01,-6.486853790283203125e+01,-5.494952774047851562e+01,-4.964102172851562500e+01,-4.431873321533203125e+01,-5.313382339477539062e+01,-5.809887695312500000e+01,-3.956858062744140625e+01,-4.602435302734375000e+01
-5.128961944580078125e+01,-4.524854278564453125e+01,-3.412252044677734375e+01,-5.355540084838867188e+01,-6.041334915161132812e+01,-4.606577682495117188e+01,-2.818849182128906250e+01,-3.573529815673828125e+01,-2.057289695739746094e+01,-2.152503776550292969e+01,-2.160837936401367188e+01,-3.406433868408203125e+01,-6.702912139892578125e+01,-5.780466079711914062e+01,-5.267311096191406250e+01,-4.478536987304687500e+01,-5.006112670898437500e+01,-5.405988693237304688e+01,-3.257777023315429688e+01,-2.890180397033691406e+01
-5.043589782714843750e+01,-5.232770538330078125e+01,-4.419124221801757812e+01,-5.111232757568359375e+01,-5.798879623413085938e+01,-4.537210464477539062e+01,-3.087106323242187500e+01,-1.999081230163574219e+01,-2.055868721008300781e+01,-3.021351432800292969e+01,-2.563781356811523438e+01,-3.654853057861328125e+01,-6.868589019775390625e+01,-5.285281372070312500e+01,-4.961310958862304688e+01,-3.841872024536132812e+01,-4.403240966796875000e+01,-4.318663024902343750e+01,-2.709864807128906250e+01,-2.079138946533203125e+01
-5.643738937377929688e+01,-5.507580947875976562e+01,-5.299532318115234375e+01,-5.567178344726562500e+01,-5.939525604248046875e+01,-5.059490966796875000e+01,-2.798561477661132812e+01,-1.607997894287109375e+01,-3.008714675903320312e+01,-4.434783935546875000e+01,-4.274633026123046875e+01,-4.418485260009765625e+01,-6.704976654052734375e+01,-5.380346679687500000e+01,-5.277469635009765625e+01,-3.869197082519531250e+01,-4.555410003662109375e+01,-4.402185821533203125e+01,-3.235621643066406250e+01,-2.602522087097167969e+01
-6.261372375488281250e+01,-4.957184219360351562e+01,-5.519739151000976562e+01,-5.488769149780273438e+01,-6.466646575927734375e+01,-5.599270248413085938e+01,-2.540724563598632812e+01,-1.865542030334472656e+01,-3.926198959350585938e+01,-4.346106719970703125e+01,-4.401795959472656250e+01,-4.788350296020507812e+01,-6.362139511108398438e+01,-5.482735443115234375e+01,-5.330130767822265625e+01,-4.003902435302734375e+01,-5.521252059936523438e+01,-5.708184814453125000e+01,-4.831562042236328125e+01,-3.931744384765625000e+01
-5.891064453125000000e+01,-4.649833679199218750e+01,-5.644602966308593750e+01,-5.879218292236328125e+01,-6.608131408691406250e+01,-5.129309082031250000e+01,-2.867626953125000000e+01,-2.932124900817871094e+01,-3.917910003662109375e+01,-3.968458557128906250e+01,-4.640737915039062500e+01,-4.432616424560546875e+01,-6.314551162719726562e+01,-5.929296112060546875e+01,-5.326448440551757812e+01,-4.931307601928710938e+01,-5.586311340332031250e+01,-6.286749267578125000e+01,-4.921088409423828125e+01,-5.324648284912109375e+01
-5.787284469604492188e+01,-4.804710769653320312e+01,-4.435800933837890625e+01,-5.537261199951171875e+01,-6.144189071655273438e+01,-4.855789184570312500e+01,-3.231091690063476562e+01,-3.682577896118164062e+01,-3.379516220092773438e+01,-2.382909393310546875e+01,-3.229169845581054688e+01,-3.885153961181640625e+01,-6.588321685791015625e+01,-5.581558227539062500e+01,-5.290111923217773438e+01,-5.363721084594726562e+01,-5.655583190917968750e+01,-6.219439315795898438e+01,-5.104138946533203125e+01,-5.766581726074218750e+01
-6.687941741943359375e+01,-5.630738449096679688e+01,-4.359135437011718750e+01,-5.653952789306640625e+01,-5.915005874633789062e+01,-5.264982604980468750e+01,-3.628632354736328125e+01,-4.071748733520507812e+01,-2.261314201354980469e+01,-1.950573921203613281e+01,-2.362751960754394531e+01,-4.029969787597656250e+01,-6.287938690185546875e+01,-5.361286926269531250e+01,-5.336075973510742188e+01,-5.504766082763671875e+01,-6.351964569091796875e+01,-6.065859603881835938e+01,-4.393785858154296875e+01,-4.493314361572265625e+01
-6.399024963378906250e+01,-5.870222473144531250e+01,-4.869544982910156250e+01,-5.326424789428710938e+01,-6.151280212402343750e+01,-5.448183822631835938e+01,-3.560200500488281250e+01,-2.877132415771484375e+01,-1.882268333435058594e+01,-2.572455978393554688e+01,-2.523434448242187500e+01,-4.615732574462890625e+01,-6.421876525878906250e+01,-5.243596649169921875e+01,-5.323403930664062500e+01,-5.281410217285156250e+01,-5.644731903076171875e+01,-5.180047225952148438e+01,-3.381255722045898438e+01,-3.091490554809570312e+01
-6.359915924072265625e+01,-6.095856094360351562e+01,-5.591457366943359375e+01,-5.580211257934570312e+01,-6.073371887207031250e+01,-5.402518844604492188e+01,-3.614808654785156250e+01,-2.169033050537109375e+01,-2.490849876403808594e+01,-3.956587219238281250e+01,-3.897196197509765625e+01,-4.989846420288085938e+01,-6.865045928955078125e+01,-5.602532196044921875e+01,-5.303193283081054688e+01,-4.614333343505859375e+01,-4.892360687255859375e+01,-4.563705062866210938e+01,-3.603638839721679688e+01,-3.066258621215820312e+01
-6.364710998535156250e+01,-5.127859497070312500e+01,-5.738647842407226562e+01,-6.176894378662109375e+01,-6.236375045776367188e+01,-5.203797912597656250e+01,-3.285820770263671875e+01,-2.062142181396484375e+01,-3.356288146972656250e+01,-4.056773376464843750e+01,-4.867860412597656250e+01,-5.198484802246093750e+01,-6.423559570312500000e+01,-6.061518096923828125e+01,-5.330558013916015625e+01,-4.591608810424804688e+01,-5.164658355712890625e+01,-5.058847808837890625e+01,-5.020169830322265625e+01,-4.039519500732421875e+01
-6.465104675292968750e+01,-4.819704818725585938e+01,-5.351329040527343750e+01,-5.444860076904296875e+01,-5.809687805175781250e+01,-5.221125030517578125e+01,-3.221800231933593750e+01,-2.807863235473632812e+01,-4.031173324584960938e+01,-3.777940750122070312e+01,-4.775780105590820312e+01,-5.049178314208984375e+01,-6.549053955078125000e+01,-5.400747680664062500e+01,-5.667211151123046875e+01,-4.708397674560546875e+01,-5.894817352294921875e+01,-6.228942871093750000e+01,-5.739862823486328125e+01,-5.271451568603515625e+01
-6.691754150390625000e+01,-5.150382232666015625e+01,-4.519552230834960938e+01,-5.019625854492187500e+01,-6.028665161132812500e+01,-5.192572021484375000e+01,-3.698686981201171875e+01,-4.120589065551757812e+01,-3.825885009765625000e+01,-2.438596916198730469e+01,-3.414553451538085938e+01,-4.029509735107421875e+01,-6.907276916503906250e+01,-5.202583312988281250e+01,-5.386884307861328125e+01,-5.552077484130859375e+01,-6.295507049560546875e+01,-6.106332397460937500e+01,-5.853013229370117188e+01,-5.900850296020507812e+01
-6.601916503906250000e+01,-6.048989868164062500e+01,-4.474758911132812500e+01,-5.133683776855468750e+01,-6.294402313232421875e+01,-5.402145004272460938e+01,-4.233106994628906250e+01,-5.060527801513671875e+01,-2.509834098815917969e+01,-1.766070938110351562e+01,-2.163878250122070312e+01,-3.493355560302734375e+01,-6.408814239501953125e+01,-5.421757125854492188e+01,-5.304035186767578125e+01,-5.794803237915039062e+01,-6.130916976928710938e+01,-6.198514556884765625e+01,-5.233160400390625000e+01,-5.453701019287109375e+01
-6.182211685180664062e+01,-5.412471008300781250e+01,-5.254095077514648438e+01,-5.009180068969726562e+01,-5.586582565307617188e+01,-5.179291915893554688e+01,-4.893650817871093750e+01,-3.587873840332031250e+01,-1.829143714904785156e+01,-2.105558776855468750e+01,-2.029696655273437500e+01,-3.391763305664062500e+01,-5.945112609863281250e+01,-5.699754333496093750e+01,-5.850053024291992188e+01,-4.822589874267578125e+01,-5.302413177490234375e+01,-5.374759674072265625e+01,-3.959201812744140625e+01,-3.759090042114257812e+01
-6.080380249023437500e+01,-5.268429565429687500e+01,-5.333292770385742188e+01,-5.855263900756835938e+01,-5.823913192749023438e+01,-5.441962432861328125e+01,-5.350157928466796875e+01,-2.865157508850097656e+01,-2.180464935302734375e+01,-3.178889846801757812e+01,-3.112538909912109375e+01,-3.833866882324218750e+01,-6.011642074584960938e+01,-5.687293243408203125e+01,-5.321575546264648438e+01,-4.026260375976562500e+01,-4.529021835327148438e+01,-4.352242279052734375e+01,-3.613417816162109375e+01,-3.267996215820312500e+01
-5.832909774780273438e+01,-4.877154922485351562e+01,-5.194772720336914062e+01,-5.573966598510742188e+01,-6.086720657348632812e+01,-6.295074844360351562e+01,-4.368576049804687500e+01,-2.573768615722656250e+01,-3.104124450683593750e+01,-4.120483398437500000e+01,-3.928039169311523438e+01,-4.286878967285156250e+01,-6.038462829589843750e+01,-5.129893875122070312e+01,-5.074707794189453125e+01,-3.741578674316406250e+01,-4.090767288208007812e+01,-4.221492767333984375e+01,-4.246768188476562500e+01,-3.706398010253906250e+01
-6.062660598754882812e+01,-4.803479003906250000e+01,-5.298234176635742188e+01,-5.680332183837890625e+01,-6.229322052001953125e+01,-5.646224975585937500e+01,-3.762290954589843750e+01,-3.053794860839843750e+01,-4.029022216796875000e+01,-4.134013366699218750e+01,-4.063069534301757812e+01,-4.914495849609375000e+01,-5.914040374755859375e+01,-5.050841522216796875e+01,-4.798923492431640625e+01,-4.083842468261718750e+01,-4.780751037597656250e+01,-5.184425354003906250e+01,-6.019263839721679688e+01,-4.777960968017578125e+01
-6.389592361450195312e+01,-5.237320327758789062e+01,-4.590921401977539062e+01,-5.864673995971679688e+01,-6.371599578857421875e+01,-5.033168792724609375e+01,-3.661112594604492188e+01,-3.720454406738281250e+01,-3.992515182495117188e+01,-2.912169265747070312e+01,-4.159514236450195312e+01,-4.336653900146484375e+01,-5.978179550170898438e+01,-5.177960205078125000e+01,-5.533289337158203125e+01,-4.823461914062500000e+01,-5.865481567382812500e+01,-5.992809295654296875e+01,-5.737234497070312500e+01,-5.699660491943359375e+01
-6.204320526123046875e+01,-5.719217681884765625e+01,-4.236123657226562500e+01,-5.593034362792968750e+01,-6.452249145507812500e+01,-5.160904693603515625e+01,-4.123530960083007812e+01,-4.141703796386718750e+01,-3.177165603637695312e+01,-2.111085891723632812e+01,-2.741643905639648438e+01,-4.261475372314453125e+01,-6.496316528320312500e+01,-5.568865203857421875e+01,-5.769351577758789062e+01,-5.655147552490234375e+01,-5.603302383422851562e+01,-5.873211669921875000e+01,-5.905284500122070312e+01,-6.118166732788085938e+01
-6.475061035156250000e+01,-5.152996444702148438e+01,-4.765048217773437500e+01,-5.615697860717773438e+01,-6.327730941772460938e+01,-4.933496093750000000e+01,-4.626040649414062500e+01,-4.538768768310546875e+01,-2.433885574340820312e+01,-2.311795616149902344e+01,-2.313261413574218750e+01,-4.859611129760742188e+01,-6.660504913330078125e+01,-5.322711181640625000e+01,-5.361924743652343750e+01,-5.449031829833984375e+01,-5.364136505126953125e+01,-5.547843551635742188e+01,-4.072676086425781250e+01,-4.080356979370117188e+01
-6.151310348510742188e+01,-5.197991943359375000e+01,-6.139394378662109375e+01,-5.809765625000000000e+01,-6.708872985839843750e+01,-5.318119049072265625e+01,-5.654192733764648438e+01,-3.602265167236328125e+01,-2.736995315551757812e+01,-3.436317443847656250e+01,-3.014688491821289062e+01,-5.127626037597656250e+01,-6.127640151977539062e+01,-5.090568161010742188e+01,-5.250233459472656250e+01,-5.064360809326171875e+01,-5.134108734130859375e+01,-4.528204345703125000e+01,-3.310246276855468750e+01,-3.212862777709960938e+01
-6.042686080932617188e+01,-4.862933349609375000e+01,-5.963981628417968750e+01,-6.096802902221679688e+01,-6.536129760742187500e+01,-5.184162139892578125e+01,-5.571461868286132812e+01,-3.156507682800292969e+01,-3.347161102294921875e+01,-3.754156112670898438e+01,-4.259293365478515625e+01,-5.343375396728515625e+01,-6.196190261840820312e+01,-5.063961029052734375e+01,-5.268044281005859375e+01,-4.826145172119140625e+01,-4.278840255737304688e+01,-3.909517669677734375e+01,-3.620565795898437500e+01,-3.336354064941406250e+01
-6.136080551147460938e+01,-4.868699645996093750e+01,-5.358274841308593750e+01,-6.962406158447265625e+01,-6.558695220947265625e+01,-5.778322601318359375e+01,-5.401898193359375000e+01,-3.523490905761718750e+01,-4.157826995849609375e+01,-3.969065856933593750e+01,-4.549642181396484375e+01,-4.974380493164062500e+01,-6.121831512451171875e+01,-5.302721405029296875e+01,-5.936256790161132812e+01,-4.669218063354492188e+01,-4.458212280273437500e+01,-4.586981201171875000e+01,-4.942865753173828125e+01,-4.411519622802734375e+01
-6.546943664550781250e+01,-5.731221389770507812e+01,-4.822020339965820312e+01,-5.978570175170898438e+01,-6.597607421875000000e+01,-6.018061828613281250e+01,-4.771399307250976562e+01,-4.448826980590820312e+01,-4.371695709228515625e+01,-3.365235137939453125e+01,-4.433216857910156250e+01,-5.167789459228515625e+01,-5.993913269042968750e+01,-5.328461837768554688e+01,-5.562790679931640625e+01,-5.298018646240234375e+01,-5.796732330322265625e+01,-6.153528594970703125e+01,-5.036862564086914062e+01,-5.555685043334960938e+01
-7.087303924560546875e+01,-5.422212600708007812e+01,-5.002247619628906250e+01,-5.923123168945312500e+01,-5.699695587158203125e+01,-5.098164367675781250e+01,-4.683549118041992188e+01,-4.684014129638671875e+01,-4.074372482299804688e+01,-3.132901763916015625e+01,-3.649909210205078125e+01,-4.687511062622070312e+01,-6.095590209960937500e+01,-5.054398345947265625e+01,-5.407637786865234375e+01,-5.873963928222656250e+01,-6.249207687377929688e+01,-6.605145263671875000e+01,-5.324596786499023438e+01,-6.028228759765625000e+01
-6.800284576416015625e+01,-5.528012847900390625e+01,-6.411946105957031250e+01,-6.359661865234375000e+01,-5.410189819335937500e+01,-5.375373077392578125e+01,-4.925151062011718750e+01,-5.227842712402343750e+01,-3.838684844970703125e+01,-4.065072631835937500e+01,-4.123578643798828125e+01,-4.734722900390625000e+01,-6.136550140380859375e+01,-5.078318786621093750e+01,-5.648719406127929688e+01,-6.087989807128906250e+01,-6.371200561523437500e+01,-6.861164855957031250e+01,-4.773043060302734375e+01,-4.742683410644531250e+01
-6.803103637695312500e+01,-5.398715591430664062e+01,-6.098818969726562500e+01,-6.177070999145507812e+01,-5.441378402709960938e+01,-6.115005493164062500e+01,-6.178021240234375000e+01,-4.484411621093750000e+01,-4.239154815673828125e+01,-5.111204528808593750e+01,-5.532658767700195312e+01,-5.532249069213867188e+01,-6.159476089477539062e+01,-5.262291336059570312e+01,-5.893735885620117188e+01,-5.745312881469726562e+01,-6.094581985473632812e+01,-5.790206146240234375e+01,-4.717476654052734375e+01,-4.241469573974609375e+01
-6.476431274414062500e+01,-5.432488632202148438e+01,-5.605258941650390625e+01,-6.282859802246093750e+01,-5.844921493530273438e+01,-6.148612213134765625e+01,-5.979004287719726562e+01,-4.285187530517578125e+01,-4.935695648193359375e+01,-4.878546142578125000e+01,-5.575900650024414062e+01,-6.178610992431640625e+01,-6.379320526123046875e+01,-5.332138061523437500e+01,-5.888706588745117188e+01,-5.272205352783203125e+01,-5.615283584594726562e+01,-5.499847793579101562e+01,-5.856297683715820312e+01,-5.014233398437500000e+01
-6.550935363769531250e+01,-5.972843170166015625e+01,-5.082506942749023438e+01,-6.535202026367187500e+01,-6.625743103027343750e+01,-5.718838119506835938e+01,-5.138525772094726562e+01,-4.692350387573242188e+01,-5.177944183349609375e+01,-3.653321838378906250e+01,-4.752940368652343750e+01,-5.503186798095703125e+01,-6.931118011474609375e+01,-5.054701232910156250e+01,-5.571669387817382812e+01,-5.284192276000976562e+01,-6.954974365234375000e+01,-6.863009643554687500e+01,-6.058164215087890625e+01,-6.081174468994140625e+01
-6.727889251708984375e+01,-5.517652893066406250e+01,-5.716729736328125000e+01,-6.242525482177734375e+01,-6.544704437255859375e+01,-6.054506301879882812e+01,-5.050763702392578125e+01,-5.256019973754882812e+01,-3.995714569091796875e+01,-3.415803146362304688e+01,-3.446953201293945312e+01,-5.450191497802734375e+01,-6.510565185546875000e+01,-5.084510040283203125e+01,-5.646315002441406250e+01,-6.341698074340820312e+01,-6.579867553710937500e+01,-6.335802841186523438e+01,-6.405140686035156250e+01,-6.395116424560546875e+01
-6.735087585449218750e+01,-5.483823394775390625e+01,-6.721464538574218750e+01,-6.015526199340820312e+01,-7.005976867675781250e+01,-6.015378189086914062e+01,-5.131737899780273438e+01,-5.042541503906250000e+01,-3.926343917846679688e+01,-4.675744628906250000e+01,-3.633789825439453125e+01,-5.346654129028320312e+01,-6.754383850097656250e+01,-5.268673324584960938e+01,-6.079664993286132812e+01,-6.482630157470703125e+01,-6.417597961425781250e+01,-6.064513397216796875e+01,-5.193463134765625000e+01,-5.324132156372070312e+01
-6.955252838134765625e+01,-5.348817825317382812e+01,-6.287530136108398438e+01,-6.103351593017578125e+01,-6.617758178710937500e+01,-6.107405853271484375e+01,-5.390171051025390625e+01,-4.261988067626953125e+01,-4.544379043579101562e+01,-4.974695587158203125e+01,-4.977557373046875000e+01,-5.439687347412109375e+01,-6.342673492431640625e+01,-5.110252761840820312e+01,-5.744003295898437500e+01,-6.071655654907226562e+01,-6.013382339477539062e+01,-5.185816574096679688e+01,-4.822384643554687500e+01,-4.894396209716796875e+01
-6.945513153076171875e+01,-5.801442337036132812e+01,-5.372109603881835938e+01,-6.190862274169921875e+01,-6.441517639160156250e+01,-5.736612701416015625e+01,-5.584764099121093750e+01,-4.132392501831054688e+01,-4.822483825683593750e+01,-3.861795043945312500e+01,-5.033086395263671875e+01,-5.298604583740234375e+01,-5.958249282836914062e+01,-5.084870910644531250e+01,-5.710577011108398438e+01,-5.415050888061523438e+01,-5.588040542602539062e+01,-5.416768646240234375e+01,-5.979536437988281250e+01,-5.548492813110351562e+01
-7.213848876953125000e+01,-5.350522232055664062e+01,-5.265251159667968750e+01,-6.047048187255859375e+01,-6.456430816650390625e+01,-6.113640213012695312e+01,-5.152476501464843750e+01,-4.405480194091796875e+01,-4.096326828002929688e+01,-3.172781753540039062e+01,-3.973226165771484375e+01,-4.989905929565429688e+01,-5.968085479736328125e+01,-5.222599411010742188e+01,-5.689370727539062500e+01,-5.478947067260742188e+01,-6.536474609375000000e+01,-7.188004302978515625e+01,-6.230488586425781250e+01,-6.191937637329101562e+01
-7.503557586669921875e+01,-5.459314346313476562e+01,-5.550381088256835938e+01,-5.825898361206054688e+01,-6.747927856445312500e+01,-5.607712554931640625e+01,-4.820259857177734375e+01,-4.655015563964843750e+01,-3.586096954345703125e+01,-3.761038970947265625e+01,-4.113295745849609375e+01,-4.435204315185546875e+01,-6.144163513183593750e+01,-5.049979019165039062e+01,-5.426666259765625000e+01,-6.008330535888671875e+01,-7.107411956787109375e+01,-6.849187469482421875e+01,-5.678847122192382812e+01,-5.627959442138671875e+01
-6.892740631103515625e+01,-5.167454528808593750e+01,-5.295454406738281250e+01,-5.488597106933593750e+01,-6.669212341308593750e+01,-5.504500198364257812e+01,-4.781835174560546875e+01,-4.405069732666015625e+01,-3.957386779785156250e+01,-4.641802597045898438e+01,-4.738726806640625000e+01,-4.672796630859375000e+01,-6.715200805664062500e+01,-5.007234191894531250e+01,-5.541414642333984375e+01,-5.643724822998046875e+01,-6.652908325195312500e+01,-6.296148681640625000e+01,-4.852200317382812500e+01,-4.460247802734375000e+01
-6.621549987792968750e+01,-5.212593078613281250e+01,-4.893280029296875000e+01,-5.309106826782226562e+01,-6.555950927734375000e+01,-6.643452453613281250e+01,-4.963782501220703125e+01,-3.985373687744140625e+01,-4.809071350097656250e+01,-3.883126068115234375e+01,-4.694156646728515625e+01,-5.478591156005859375e+01,-6.067904663085937500e+01,-5.160021209716796875e+01,-5.864618682861328125e+01,-4.930791091918945312e+01,-6.218752288818359375e+01,-5.942379379272460938e+01,-5.510351562500000000e+01,-4.857464599609375000e+01
-6.367625427246093750e+01,-4.975880432128906250e+01,-5.275755310058593750e+01,-5.674833297729492188e+01,-6.431137847900390625e+01,-6.244667053222656250e+01,-4.749464797973632812e+01,-4.197372817993164062e+01,-4.650931549072265625e+01,-3.632791900634765625e+01,-3.794522094726562500e+01,-5.253337478637695312e+01,-5.690023803710937500e+01,-5.009682464599609375e+01,-5.513346099853515625e+01,-4.908006668090820312e+01,-6.563200378417968750e+01,-6.928424835205078125e+01,-5.593457031250000000e+01,-5.777392578125000000e+01
-6.876592254638671875e+01,-5.107310867309570312e+01,-5.090486907958984375e+01,-5.734469604492187500e+01,-6.108109283447265625e+01,-6.107904052734375000e+01,-4.744060134887695312e+01,-4.604871368408203125e+01,-4.048242950439453125e+01,-4.223778533935546875e+01,-3.531120300292968750e+01,-4.760623168945312500e+01,-5.380871963500976562e+01,-5.061842346191406250e+01,-5.469147872924804688e+01,-5.607023620605468750e+01,-6.468350219726562500e+01,-7.082598876953125000e+01,-5.156908416748046875e+01,-5.428660202026367188e+01
-6.205402374267578125e+01,-4.895621490478515625e+01,-5.198356628417968750e+01,-5.933597946166992188e+01,-6.350701522827148438e+01,-6.132202148437500000e+01,-4.851274871826171875e+01,-4.220231628417968750e+01,-3.988726043701171875e+01,-4.419979095458984375e+01,-4.428871917724609375e+01,-4.949517059326171875e+01,-5.172341156005859375e+01,-5.198683929443359375e+01,-5.665990829467773438e+01,-5.018384933471679688e+01,-6.375881576538085938e+01,-6.341969680786132812e+01,-5.028996276855468750e+01,-4.535417938232421875e+01
-5.815395736694335938e+01,-4.544701385498046875e+01,-4.821470260620117188e+01,-6.155577850341796875e+01,-6.993525695800781250e+01,-5.608454895019531250e+01,-4.681004333496093750e+01,-3.916591262817382812e+01,-4.212863922119140625e+01,-3.842724227905273438e+01,-4.479304885864257812e+01,-4.336761474609375000e+01,-5.297140884399414062e+01,-5.050825119018554688e+01,-5.559365463256835938e+01,-4.752081680297851562e+01,-6.160823822021484375e+01,-5.936480712890625000e+01,-5.929404067993164062e+01,-4.878577423095703125e+01
-5.956105422973632812e+01,-4.622891616821289062e+01,-5.065201187133789062e+01,-6.519802856445312500e+01,-6.340585327148437500e+01,-5.833213043212890625e+01,-4.604149246215820312e+01,-4.239707946777343750e+01,-3.784123992919921875e+01,-3.754354095458984375e+01,-4.143349456787109375e+01,-4.371859741210937500e+01,-5.593054962158203125e+01,-5.055834197998046875e+01,-5.433673095703125000e+01,-4.994640731811523438e+01,-6.703586578369140625e+01,-7.082261657714843750e+01,-5.658558654785156250e+01,-5.413380813598632812e+01
-6.135520935058593750e+01,-4.617050933837890625e+01,-4.627238464355468750e+01,-5.705949401855468750e+01,-6.543679809570312500e+01,-5.802253723144531250e+01,-4.995929336547851562e+01,-4.346043395996093750e+01,-3.752946090698242188e+01,-4.107547760009765625e+01,-3.782968139648437500e+01,-4.498474121093750000e+01,-5.796990585327148438e+01,-5.156134796142578125e+01,-5.532302856445312500e+01,-5.892460632324218750e+01,-6.763084411621093750e+01,-7.177378845214843750e+01,-4.659399795532226562e+01,-4.522262954711914062e+01
-5.530735397338867188e+01,-4.245573425292968750e+01,-4.278992843627929688e+01,-5.911588287353515625e+01,-6.071469116210937500e+01,-5.608936691284179688e+01,-4.359367370605468750e+01,-4.061816787719726562e+01,-4.103590393066406250e+01,-4.798836135864257812e+01,-4.605493164062500000e+01,-5.173184967041015625e+01,-5.675978088378906250e+01,-4.870019912719726562e+01,-5.065222930908203125e+01,-5.497666168212890625e+01,-6.403749847412109375e+01,-6.481991577148437500e+01,-4.802069854736328125e+01,-4.057108306884765625e+01
-5.508148574829101562e+01,-4.090869140625000000e+01,-4.033842086791992188e+01,-6.072579193115234375e+01,-5.590396118164062500e+01,-5.210365295410156250e+01,-3.953876495361328125e+01,-4.155192184448242188e+01,-4.143638229370117188e+01,-4.590846252441406250e+01,-4.791326904296875000e+01,-5.168699264526367188e+01,-5.564537429809570312e+01,-5.206102371215820312e+01,-5.386885070800781250e+01,-4.941985702514648438e+01,-6.671842193603515625e+01,-6.785708618164062500e+01,-6.135467529296875000e+01,-4.543064880371093750e+01
-6.399052810668945312e+01,-4.205329513549804688e+01,-4.071934509277343750e+01,-5.018146514892578125e+01,-5.227480316162109375e+01,-4.749427032470703125e+01,-4.132846450805664062e+01,-4.745704650878906250e+01,-4.638245391845703125e+01,-4.735286331176757812e+01,-4.374594116210937500e+01,-4.816732025146484375e+01,-5.901316833496093750e+01,-5.176472473144531250e+01,-5.453341674804687500e+01,-5.193829345703125000e+01,-6.191952896118164062e+01,-6.913662719726562500e+01,-4.873887252807617188e+01,-4.661351013183593750e+01
-6.512380981445312500e+01,-4.504150390625000000e+01,-4.193611145019531250e+01,-4.735069274902343750e+01,-5.219909667968750000e+01,-4.919811248779296875e+01,-4.833029174804687500e+01,-4.717514038085937500e+01,-4.589017868041992188e+01,-4.782182693481445312e+01,-5.030763244628906250e+01,-5.239064407348632812e+01,-5.885108566284179688e+01,-5.101390838623046875e+01,-4.826052093505859375e+01,-4.474870300292968750e+01,-5.779207611083984375e+01,-5.770124053955078125e+01,-4.483751678466796875e+01,-3.795079040527343750e+01
-6.305224609375000000e+01,-4.360504150390625000e+01,-4.362453460693359375e+01,-4.737644195556640625e+01,-5.090377044677734375e+01,-5.062855529785156250e+01,-4.856129074096679688e+01,-4.975210571289062500e+01,-4.999287796020507812e+01,-5.191783142089843750e+01,-5.090735626220703125e+01,-5.492156982421875000e+01,-5.987659454345703125e+01,-4.922603988647460938e+01,-4.347494888305664062e+01,-4.349427032470703125e+01,-5.702058410644531250e+01,-5.601591491699218750e+01,-5.151705169677734375e+01,-4.266023254394531250e+01
-6.483100891113281250e+01,-5.224378585815429688e+01,-4.446142578125000000e+01,-4.252559661865234375e+01,-5.322151184082031250e+01,-5.207585906982421875e+01,-4.925878143310546875e+01,-4.907739257812500000e+01,-5.158487701416015625e+01,-5.093633270263671875e+01,-4.479441833496093750e+01,-5.544167327880859375e+01,-5.762180709838867188e+01,-4.610363006591796875e+01,-4.775681304931640625e+01,-4.519035339355468750e+01,-6.019382476806640625e+01,-6.740467834472656250e+01,-4.081898880004882812e+01,-3.887408447265625000e+01
-6.858722686767578125e+01,-4.884838867187500000e+01,-4.467812347412109375e+01,-4.604558181762695312e+01,-4.994123077392578125e+01,-5.403339004516601562e+01,-5.130305862426757812e+01,-5.085558319091796875e+01,-5.208261489868164062e+01,-5.157164001464843750e+01,-4.910658264160156250e+01,-5.859775543212890625e+01,-6.296337127685546875e+01,-4.626034545898437500e+01,-4.953182220458984375e+01,-5.124195098876953125e+01,-5.966642761230468750e+01,-5.736102294921875000e+01,-3.484336471557617188e+01,-3.039412689208984375e+01
-6.906590270996093750e+01,-5.366494369506835938e+01,-4.670952606201171875e+01,-5.207836914062500000e+01,-5.562430572509765625e+01,-5.396626663208007812e+01,-5.449384307861328125e+01,-4.892068862915039062e+01,-5.920368576049804688e+01,-5.177922821044921875e+01,-5.467963027954101562e+01,-5.608346176147460938e+01,-6.331270599365234375e+01,-4.741638946533203125e+01,-5.185673522949218750e+01,-4.550956726074218750e+01,-5.943745422363281250e+01,-5.627144622802734375e+01,-4.469256591796875000e+01,-3.766586303710937500e+01
-7.129858398437500000e+01,-5.800270462036132812e+01,-5.095420455932617188e+01,-5.168085861206054688e+01,-5.723218154907226562e+01,-5.398153686523437500e+01,-5.540309906005859375e+01,-5.645502471923828125e+01,-6.208760070800781250e+01,-5.442075347900390625e+01,-4.981209564208984375e+01,-5.255760955810546875e+01,-6.452548980712890625e+01,-4.998085403442382812e+01,-5.134792327880859375e+01,-5.086966705322265625e+01,-6.267652893066406250e+01,-6.054094314575195312e+01,-3.885729980468750000e+01,-3.832054901123046875e+01
-7.378006744384765625e+01,-5.472802352905273438e+01,-4.869598388671875000e+01,-4.867134094238281250e+01,-5.489897155761718750e+01,-5.828044891357421875e+01,-5.788546752929687500e+01,-5.226532745361328125e+01,-5.574924850463867188e+01,-5.147263717651367188e+01,-5.094497299194335938e+01,-4.559962463378906250e+01,-6.302217102050781250e+01,-4.557995605468750000e+01,-4.460321044921875000e+01,-4.687166976928710938e+01,-5.845049667358398438e+01,-5.538135147094726562e+01,-3.663893127441406250e+01,-3.312352752685546875e+01
-6.953227996826171875e+01,-5.655493164062500000e+01,-4.865161514282226562e+01,-5.298623657226562500e+01,-5.744031906127929688e+01,-6.086153793334960938e+01,-5.375144195556640625e+01,-5.095882034301757812e+01,-5.008186340332031250e+01,-5.121018218994140625e+01,-4.913991928100585938e+01,-4.166483306884765625e+01,-5.739197540283203125e+01,-4.618343734741210938e+01,-4.842388153076171875e+01,-4.588241577148437500e+01,-5.519394302368164062e+01,-5.257269287109375000e+01,-4.391033172607421875e+01,-4.291433334350585938e+01
-7.000275421142578125e+01,-5.283401870727539062e+01,-4.902405548095703125e+01,-5.217432403564453125e+01,-5.986836624145507812e+01,-5.793286132812500000e+01,-5.513132476806640625e+01,-5.413119888305664062e+01,-4.953532409667968750e+01,-5.064097595214843750e+01,-4.679873657226562500e+01,-4.605936431884765625e+01,-5.539859008789062500e+01,-4.671821594238281250e+01,-4.618653106689453125e+01,-4.886453247070312500e+01,-6.156262588500976562e+01,-5.709943389892578125e+01,-3.884445190429687500e+01,-3.823303985595703125e+01
-6.827596282958984375e+01,-5.354348373413085938e+01,-4.649999618530273438e+01,-5.454040527343750000e+01,-6.342699813842773438e+01,-5.663566207885742188e+01,-5.264428710937500000e+01,-5.442050933837890625e+01,-4.892366409301757812e+01,-4.175467681884765625e+01,-4.547709274291992188e+01,-5.144400024414062500e+01,-6.056481933593750000e+01,-4.505402374267578125e+01,-4.175111770629882812e+01,-4.749926376342773438e+01,-6.114269638061523438e+01,-5.286012268066406250e+01,-4.128046417236328125e+01,-3.657374572753906250e+01
-7.048999786376953125e+01,-5.321186447143554688e+01,-5.106928253173828125e+01,-5.870304489135742188e+01,-6.067899322509765625e+01,-5.557881927490234375e+01,-5.823574447631835938e+01,-5.204817581176757812e+01,-4.350022125244140625e+01,-4.627416229248046875e+01,-4.177888488769531250e+01,-5.110862731933593750e+01,-6.176240158081054688e+01,-4.311164093017578125e+01,-4.013211822509765625e+01,-4.490500259399414062e+01,-6.301713180541992188e+01,-5.539810562133789062e+01,-4.346993637084960938e+01,-4.002776336669921875e+01
-7.229270172119140625e+01,-5.267627716064453125e+01,-5.020666503906250000e+01,-5.957054138183593750e+01,-5.932052612304687500e+01,-5.790032577514648438e+01,-5.567775726318359375e+01,-5.291675186157226562e+01,-4.895983505249023438e+01,-4.131759643554687500e+01,-4.563710021972656250e+01,-5.178392410278320312e+01,-5.613568496704101562e+01,-4.349487686157226562e+01,-3.531149291992187500e+01,-4.664799880981445312e+01,-6.178266906738281250e+01,-5.875077056884765625e+01,-3.762572097778320312e+01,-3.258023834228515625e+01
-6.818018341064453125e+01,-5.770933532714843750e+01,-5.007883453369140625e+01,-5.566894531250000000e+01,-6.321737670898437500e+01,-6.421185302734375000e+01,-5.437842559814453125e+01,-5.353963470458984375e+01,-4.546091461181640625e+01,-4.159372711181640625e+01,-4.462254333496093750e+01,-5.323054504394531250e+01,-5.730550003051757812e+01,-4.653932571411132812e+01,-3.507244491577148438e+01,-4.305244827270507812e+01,-5.772604370117187500e+01,-5.681977462768554688e+01,-4.428199005126953125e+01,-3.736764144897460938e+01
-6.649697113037109375e+01,-5.013047790527343750e+01,-4.575144958496093750e+01,-5.765588760375976562e+01,-6.195873260498046875e+01,-5.582329177856445312e+01,-4.842430877685546875e+01,-4.987394714355468750e+01,-4.422459793090820312e+01,-4.748125839233398438e+01,-4.689781570434570312e+01,-5.786805343627929688e+01,-5.627309799194335938e+01,-4.284042358398437500e+01,-3.150488662719726562e+01,-4.742654037475585938e+01,-6.321035003662109375e+01,-6.093605804443359375e+01,-3.835303878784179688e+01,-3.863294982910156250e+01
-7.063201904296875000e+01,-5.017103576660156250e+01,-4.686583709716796875e+01,-5.596295928955078125e+01,-5.335729217529296875e+01,-5.177186965942382812e+01,-4.561978149414062500e+01,-4.659304809570312500e+01,-4.844277191162109375e+01,-5.042917251586914062e+01,-5.299499511718750000e+01,-5.986011886596679688e+01,-6.129763412475585938e+01,-4.071552658081054688e+01,-3.789012527465820312e+01,-4.727740097045898438e+01,-6.162905120849609375e+01,-5.649299621582031250e+01,-4.287787246704101562e+01,-4.343088531494140625e+01
-7.138648223876953125e+01,-4.982856750488281250e+01,-4.894893646240234375e+01,-4.993830108642578125e+01,-4.601192092895507812e+01,-4.198423004150390625e+01,-4.781144714355468750e+01,-5.087872695922851562e+01,-5.089236068725585938e+01,-5.436967086791992188e+01,-5.225024414062500000e+01,-5.767247009277343750e+01,-5.928607177734375000e+01,-3.879047393798828125e+01,-3.971651458740234375e+01,-4.583695220947265625e+01,-5.912662124633789062e+01,-6.092745208740234375e+01,-4.712770462036132812e+01,-5.506327438354492188e+01
-7.445068359375000000e+01,-5.409067916870117188e+01,-4.531513977050781250e+01,-4.155096435546875000e+01,-4.093341827392578125e+01,-3.911966323852539062e+01,-4.619010162353515625e+01,-4.892981719970703125e+01,-5.422544479370117188e+01,-5.320862197875976562e+01,-5.613965225219726562e+01,-5.775209045410156250e+01,-5.891028594970703125e+01,-3.627803039550781250e+01,-3.606433105468750000e+01,-5.171047973632812500e+01,-5.900487136840820312e+01,-6.338169860839843750e+01,-4.888825988769531250e+01,-5.327639389038085938e+01
-7.419779968261718750e+01,-5.274978256225585938e+01,-4.247155761718750000e+01,-4.076929473876953125e+01,-3.816160964965820312e+01,-4.742276763916015625e+01,-4.966293334960937500e+01,-5.075602722167968750e+01,-5.322921752929687500e+01,-5.513399124145507812e+01,-5.847067260742187500e+01,-6.045235824584960938e+01,-6.456008911132812500e+01,-3.507973098754882812e+01,-3.984775161743164062e+01,-5.176072692871093750e+01,-5.807386016845703125e+01,-6.243006134033203125e+01,-4.545193862915039062e+01,-5.321331787109375000e+01
-7.042452239990234375e+01,-6.236623001098632812e+01,-4.838652038574218750e+01,-4.546060180664062500e+01,-4.407933044433593750e+01,-5.419273757934570312e+01,-5.012004852294921875e+01,-5.668835830688476562e+01,-5.371086502075195312e+01,-5.424044799804687500e+01,-6.229651260375976562e+01,-5.558399200439453125e+01,-6.499569702148437500e+01,-3.648875045776367188e+01,-4.252014923095703125e+01,-5.356391143798828125e+01,-6.315850067138671875e+01,-5.957099533081054688e+01,-4.092892456054687500e+01,-5.620790863037109375e+01
-7.485852050781250000e+01,-5.754537200927734375e+01,-5.726365280151367188e+01,-5.144675445556640625e+01,-5.535883712768554688e+01,-5.145083999633789062e+01,-5.446686553955078125e+01,-5.860446548461914062e+01,-5.786508941650390625e+01,-5.931711196899414062e+01,-5.894578552246093750e+01,-5.784117126464843750e+01,-6.293487548828125000e+01,-3.723715209960937500e+01,-4.134402847290039062e+01,-5.324608993530273438e+01,-6.057660675048828125e+01,-5.864142990112304688e+01,-4.058209609985351562e+01,-5.626990509033203125e+01
-7.270263671875000000e+01,-6.505943298339843750e+01,-5.874040222167968750e+01,-5.264895629882812500e+01,-5.873768234252929688e+01,-5.641033172607421875e+01,-5.685577774047851562e+01,-5.887545776367187500e+01,-6.177975463867187500e+01,-6.183765792846679688e+01,-6.114418792724609375e+01,-6.240569305419921875e+01,-6.183737945556640625e+01,-3.747219467163085938e+01,-4.294607925415039062e+01,-5.571286392211914062e+01,-6.304971313476562500e+01,-5.782862091064453125e+01,-3.976958465576171875e+01,-5.628631210327148438e+01
-7.466497802734375000e+01,-6.500315093994140625e+01,-5.484152984619140625e+01,-5.499465942382812500e+01,-5.580459594726562500e+01,-5.968277359008789062e+01,-6.023804855346679688e+01,-5.518636322021484375e+01,-5.866638565063476562e+01,-5.739774703979492188e+01,-6.045171737670898438e+01,-5.998355865478515625e+01,-5.977914047241210938e+01,-3.928447341918945312e+01,-4.624499511718750000e+01,-5.494440460205078125e+01,-6.348343658447265625e+01,-5.811304855346679688e+01,-3.931372833251953125e+01,-6.128724670410156250e+01
-7.075270843505859375e+01,-6.236484527587890625e+01,-5.692526245117187500e+01,-5.572684478759765625e+01,-5.563367462158203125e+01,-5.843537139892578125e+01,-6.233341598510742188e+01,-5.909743499755859375e+01,-6.324921798706054688e+01,-5.718476104736328125e+01,-5.831657791137695312e+01,-5.946258926391601562e+01,-5.986266326904296875e+01,-3.803126525878906250e+01,-4.295227050781250000e+01,-5.099998474121093750e+01,-6.297385406494140625e+01,-5.952075958251953125e+01,-4.227746582031250000e+01,-5.527623748779296875e+01
-7.221903991699218750e+01,-6.535617065429687500e+01,-5.778045654296875000e+01,-5.801477050781250000e+01,-5.226139068603515625e+01,-5.494231414794921875e+01,-6.162865829467773438e+01,-6.023273849487304688e+01,-5.935817718505859375e+01,-5.482850265502929688e+01,-6.462722778320312500e+01,-6.438949584960937500e+01,-6.325522613525390625e+01,-4.156169128417968750e+01,-4.226491546630859375e+01,-4.937036895751953125e+01,-6.648876190185546875e+01,-6.031538009643554688e+01,-4.367467498779296875e+01,-5.292663574218750000e+01
-7.447846221923828125e+01,-6.351527404785156250e+01,-5.632673645019531250e+01,-6.023097610473632812e+01,-5.235182952880859375e+01,-5.100206756591796875e+01,-6.032228088378906250e+01,-5.818481445312500000e+01,-5.979835510253906250e+01,-5.736326980590820312e+01,-5.706537628173828125e+01,-5.988682556152343750e+01,-5.919690704345703125e+01,-4.299702072143554688e+01,-3.847148513793945312e+01,-4.787504577636718750e+01,-6.773439788818359375e+01,-6.136058807373046875e+01,-4.241097259521484375e+01,-4.958383941650390625e+01
-7.202954864501953125e+01,-6.987033081054687500e+01,-5.835446929931640625e+01,-6.171279144287109375e+01,-5.198907089233398438e+01,-4.981296157836914062e+01,-5.899638748168945312e+01,-5.983942031860351562e+01,-5.935784912109375000e+01,-5.831620025634765625e+01,-5.245988464355468750e+01,-5.362322998046875000e+01,-5.629029464721679688e+01,-4.326247024536132812e+01,-3.293957901000976562e+01,-4.930126190185546875e+01,-6.969358825683593750e+01,-6.258373260498046875e+01,-4.248633575439453125e+01,-4.719738006591796875e+01
-7.200872802734375000e+01,-6.599027252197265625e+01,-5.636643218994140625e+01,-5.463804244995117188e+01,-4.907788848876953125e+01,-4.914768218994140625e+01,-5.862839508056640625e+01,-6.115839767456054688e+01,-5.429223632812500000e+01,-5.174778747558593750e+01,-5.494782638549804688e+01,-5.325622940063476562e+01,-5.630583190917968750e+01,-4.641418838500976562e+01,-3.612633895874023438e+01,-5.140633392333984375e+01,-6.981784820556640625e+01,-6.429018402099609375e+01,-4.422235870361328125e+01,-4.638589477539062500e+01
-7.321620178222656250e+01,-6.373749923706054688e+01,-5.988882827758789062e+01,-5.364234924316406250e+01,-4.825843429565429688e+01,-4.776222229003906250e+01,-5.280895233154296875e+01,-5.511902618408203125e+01,-4.928584289550781250e+01,-4.852680206298828125e+01,-5.023423004150390625e+01,-5.369500732421875000e+01,-5.846788406372070312e+01,-4.662496185302734375e+01,-3.698209381103515625e+01,-5.626523590087890625e+01,-7.060417175292968750e+01,-6.790360260009765625e+01,-4.223039245605468750e+01,-3.860508728027343750e+01
-7.614530944824218750e+01,-6.491041564941406250e+01,-6.076822662353515625e+01,-5.020627212524414062e+01,-4.803826141357421875e+01,-4.561708068847656250e+01,-5.242977905273437500e+01,-5.221997833251953125e+01,-4.893782043457031250e+01,-5.182171630859375000e+01,-4.791927719116210938e+01,-5.768046569824218750e+01,-5.878688812255859375e+01,-4.731239700317382812e+01,-3.700978088378906250e+01,-5.580341339111328125e+01,-7.214735412597656250e+01,-7.052680969238281250e+01,-4.838752365112304688e+01,-4.380653381347656250e+01
-7.435951232910156250e+01,-6.061639785766601562e+01,-5.370516586303710938e+01,-4.955208587646484375e+01,-4.964772796630859375e+01,-4.558397293090820312e+01,-5.116969680786132812e+01,-5.121644592285156250e+01,-4.884846496582031250e+01,-5.011120605468750000e+01,-5.612415313720703125e+01,-5.455451202392578125e+01,-5.728629684448242188e+01,-4.931261062622070312e+01,-4.010893249511718750e+01,-5.731319808959960938e+01,-7.329536437988281250e+01,-6.736042785644531250e+01,-4.951102828979492188e+01,-4.661892318725585938e+01
-7.051991271972656250e+01,-5.650751495361328125e+01,-4.939596939086914062e+01,-4.728484344482421875e+01,-4.337830734252929688e+01,-3.897052764892578125e+01,-4.274015426635742188e+01,-5.260025024414062500e+01,-5.342600631713867188e+01,-5.173014068603515625e+01,-5.170006561279296875e+01,-5.284870147705078125e+01,-5.954293823242187500e+01,-5.051887512207031250e+01,-4.499974441528320312e+01,-5.958300018310546875e+01,-6.933095550537109375e+01,-6.287569808959960938e+01,-4.631943511962890625e+01,-5.122058868408203125e+01
-6.994704437255859375e+01,-4.984503555297851562e+01,-4.620823669433593750e+01,-4.505450439453125000e+01,-4.229412841796875000e+01,-3.264279937744140625e+01,-3.931643295288085938e+01,-5.448170089721679688e+01,-5.442259216308593750e+01,-5.275064086914062500e+01,-5.766589355468750000e+01,-4.996783447265625000e+01,-5.644747924804687500e+01,-5.304132843017578125e+01,-4.404939651489257812e+01,-5.733499145507812500e+01,-6.499278259277343750e+01,-5.931502914428710938e+01,-4.895996093750000000e+01,-5.380281066894531250e+01
-6.556925964355468750e+01,-5.095093536376953125e+01,-3.932976531982421875e+01,-4.257538986206054688e+01,-4.048147583007812500e+01,-3.167747116088867188e+01,-3.998291397094726562e+01,-5.662486648559570312e+01,-5.644850540161132812e+01,-5.734334945678710938e+01,-5.801388549804687500e+01,-5.183332061767578125e+01,-5.667052841186523438e+01,-5.527878570556640625e+01,-4.633551788330078125e+01,-5.887737274169921875e+01,-6.714768981933593750e+01,-6.361283111572265625e+01,-5.165050506591796875e+01,-5.391299438476562500e+01
-6.947058105468750000e+01,-5.458989334106445312e+01,-4.101770782470703125e+01,-4.497486114501953125e+01,-3.599037551879882812e+01,-3.271912384033203125e+01,-4.342736053466796875e+01,-5.697050094604492188e+01,-5.686460876464843750e+01,-6.020166015625000000e+01,-5.830198669433593750e+01,-5.695513153076171875e+01,-6.406153869628906250e+01,-5.698456573486328125e+01,-4.751946258544921875e+01,-5.747625350952148438e+01,-6.637789154052734375e+01,-6.470208740234375000e+01,-5.030043792724609375e+01,-5.514937591552734375e+01
-7.097290802001953125e+01,-5.575983428955078125e+01,-4.879423522949218750e+01,-4.878058624267578125e+01,-4.151510620117187500e+01,-2.903925895690917969e+01,-5.009671783447265625e+01,-5.703465270996093750e+01,-5.416135025024414062e+01,-5.802162170410156250e+01,-5.666064453125000000e+01,-5.634786224365234375e+01,-5.769606018066406250e+01,-5.215680694580078125e+01,-4.402789306640625000e+01,-5.762554550170898438e+01,-7.054951477050781250e+01,-6.564366912841796875e+01,-4.770817565917968750e+01,-4.862507247924804688e+01
-7.363419342041015625e+01,-6.080175781250000000e+01,-4.989897918701171875e+01,-5.085245513916015625e+01,-3.398643493652343750e+01,-3.194318389892578125e+01,-5.472116470336914062e+01,-5.572373962402343750e+01,-5.587210845947265625e+01,-5.705897903442382812e+01,-5.678980255126953125e+01,-5.948493194580078125e+01,-5.764724349975585938e+01,-5.352178955078125000e+01,-4.625148391723632812e+01,-6.016719818115234375e+01,-7.494326019287109375e+01,-6.978932189941406250e+01,-4.803038787841796875e+01,-4.639803695678710938e+01
-7.261004638671875000e+01,-6.155216979980468750e+01,-5.527969360351562500e+01,-5.181598663330078125e+01,-3.207559967041015625e+01,-3.722233200073242188e+01,-4.885447311401367188e+01,-5.508018493652343750e+01,-5.605093383789062500e+01,-5.979959106445312500e+01,-6.136571121215820312e+01,-6.075766372680664062e+01,-6.283034133911132812e+01,-5.905865097045898438e+01,-4.782189178466796875e+01,-6.290494537353515625e+01,-7.429875946044921875e+01,-7.277645874023437500e+01,-5.771011734008789062e+01,-5.003657913208007812e+01
-7.305922698974609375e+01,-6.172186660766601562e+01,-5.854541015625000000e+01,-4.926260757446289062e+01,-3.389675903320312500e+01,-3.706093215942382812e+01,-4.275606536865234375e+01,-5.423007202148437500e+01,-5.427983474731445312e+01,-5.884817886352539062e+01,-6.216696166992187500e+01,-5.821315765380859375e+01,-6.103289413452148438e+01,-5.914085388183593750e+01,-4.830130767822265625e+01,-6.532048797607421875e+01,-7.579659271240234375e+01,-7.236286926269531250e+01,-6.013411712646484375e+01,-5.875502777099609375e+01
-7.662360382080078125e+01,-6.487892150878906250e+01,-5.893398666381835938e+01,-4.318444061279296875e+01,-3.597286224365234375e+01,-3.673604202270507812e+01,-4.178801727294921875e+01,-5.912329864501953125e+01,-5.584670257568359375e+01,-5.803040695190429688e+01,-6.295988464355468750e+01,-5.526773834228515625e+01,-5.961000823974609375e+01,-6.296416473388671875e+01,-5.014694213867187500e+01,-6.921648406982421875e+01,-7.750944519042968750e+01,-7.169685363769531250e+01,-6.511494445800781250e+01,-6.242546844482421875e+01
-6.820417785644531250e+01,-6.233362579345703125e+01,-5.342959594726562500e+01,-3.750705337524414062e+01,-3.517324447631835938e+01,-3.667174148559570312e+01,-4.548971557617187500e+01,-5.713606262207031250e+01,-5.712039184570312500e+01,-6.015355300903320312e+01,-6.405578613281250000e+01,-5.713162994384765625e+01,-6.352085494995117188e+01,-6.063269805908203125e+01,-5.259049224853515625e+01,-7.023307800292968750e+01,-7.549357604980468750e+01,-7.147819519042968750e+01,-6.879479980468750000e+01,-6.780004882812500000e+01
-6.321308898925781250e+01,-4.983646774291992188e+01,-4.405179595947265625e+01,-3.531278991699218750e+01,-3.616560745239257812e+01,-3.724229431152343750e+01,-4.218769073486328125e+01,-5.469651412963867188e+01,-5.341762542724609375e+01,-5.647382354736328125e+01,-6.265686798095703125e+01,-5.736313629150390625e+01,-6.135724258422851562e+01,-6.354648971557617188e+01,-5.165605163574218750e+01,-6.569494628906250000e+01,-7.423739624023437500e+01,-7.277558898925781250e+01,-6.554133605957031250e+01,-6.483089447021484375e+01
-5.970895004272460938e+01,-4.913019180297851562e+01,-4.355296325683593750e+01,-3.552988815307617188e+01,-3.653036117553710938e+01,-3.985485458374023438e+01,-4.586543273925781250e+01,-5.179699707031250000e+01,-5.607752609252929688e+01,-5.819472122192382812e+01,-6.329853057861328125e+01,-5.915907287597656250e+01,-6.189017486572265625e+01,-6.371895217895507812e+01,-5.525958251953125000e+01,-6.451258850097656250e+01,-7.251445770263671875e+01,-7.370588684082031250e+01,-6.364205932617187500e+01,-6.005289459228515625e+01
-6.115710067749023438e+01,-5.267784500122070312e+01,-4.840035247802734375e+01,-3.879549407958984375e+01,-3.976641845703125000e+01,-2.612920570373535156e+01,-4.021907806396484375e+01,-5.637608718872070312e+01,-6.221260070800781250e+01,-6.849560546875000000e+01,-6.728890991210937500e+01,-6.411900329589843750e+01,-6.404177856445312500e+01,-6.435154724121093750e+01,-5.347688674926757812e+01,-6.557116699218750000e+01,-7.138154602050781250e+01,-7.134153747558593750e+01,-6.639553070068359375e+01,-6.190512847900390625e+01
-7.191034698486328125e+01,-6.067520141601562500e+01,-5.229520034790039062e+01,-4.386252593994140625e+01,-3.938344573974609375e+01,-2.115917015075683594e+01,-3.780731201171875000e+01,-5.497650146484375000e+01,-6.384860229492187500e+01,-7.108238983154296875e+01,-6.904020690917968750e+01,-6.195234680175781250e+01,-6.108026123046875000e+01,-6.244747924804687500e+01,-5.373918151855468750e+01,-6.576123046875000000e+01,-7.055300140380859375e+01,-6.865856170654296875e+01,-6.041355133056640625e+01,-6.017971038818359375e+01
-7.298854064941406250e+01,-6.226196670532226562e+01,-6.092772293090820312e+01,-3.530361938476562500e+01,-2.701189231872558594e+01,-2.667008209228515625e+01,-5.063451385498046875e+01,-5.853998184204101562e+01,-7.020857238769531250e+01,-7.345368194580078125e+01,-7.328785705566406250e+01,-6.215005493164062500e+01,-6.606321716308593750e+01,-6.230538558959960938e+01,-5.477029418945312500e+01,-7.053575897216796875e+01,-7.551132202148437500e+01,-7.255583190917968750e+01,-6.766761016845703125e+01,-6.372288131713867188e+01
-7.158076477050781250e+01,-6.419713592529296875e+01,-6.213835525512695312e+01,-3.410613250732421875e+01,-2.382399368286132812e+01,-3.339077377319335938e+01,-5.600075912475585938e+01,-7.014851379394531250e+01,-6.816854095458984375e+01,-7.365838623046875000e+01,-7.386889648437500000e+01,-6.690924835205078125e+01,-6.636662292480468750e+01,-6.483181762695312500e+01,-5.608089828491210938e+01,-7.322316741943359375e+01,-7.655801391601562500e+01,-7.456211853027343750e+01,-6.888464355468750000e+01,-7.124443817138671875e+01
-6.736967468261718750e+01,-6.139748764038085938e+01,-6.195891571044921875e+01,-3.857430267333984375e+01,-3.481511688232421875e+01,-4.119020462036132812e+01,-5.551976776123046875e+01,-7.362348937988281250e+01,-6.942871856689453125e+01,-7.289168548583984375e+01,-7.525537109375000000e+01,-6.533301544189453125e+01,-6.999302673339843750e+01,-6.448347473144531250e+01,-5.499224853515625000e+01,-7.290945434570312500e+01,-7.357797241210937500e+01,-7.376856994628906250e+01,-6.943270874023437500e+01,-7.498515319824218750e+01
-7.072117614746093750e+01,-6.322941207885742188e+01,-6.579631042480468750e+01,-4.214953613281250000e+01,-4.131455230712890625e+01,-4.293593597412109375e+01,-5.804138565063476562e+01,-7.863329315185546875e+01,-6.795103454589843750e+01,-7.483182525634765625e+01,-7.417275238037109375e+01,-6.786671447753906250e+01,-7.178906250000000000e+01,-6.467193603515625000e+01,-5.462995529174804688e+01,-7.011785888671875000e+01,-7.293922424316406250e+01,-7.418495941162109375e+01,-7.041516113281250000e+01,-7.483866882324218750e+01
-7.030614471435546875e+01,-6.249285888671875000e+01,-6.432533264160156250e+01,-3.926628494262695312e+01,-4.083481597900390625e+01,-4.286261749267578125e+01,-5.782047653198242188e+01,-7.558656311035156250e+01,-6.801847839355468750e+01,-7.029724121093750000e+01,-7.283047485351562500e+01,-6.617947387695312500e+01,-6.682225036621093750e+01,-6.285768127441406250e+01,-5.528392028808593750e+01,-6.999183654785156250e+01,-7.451939392089843750e+01,-7.725366973876953125e+01,-7.170262145996093750e+01,-7.628543090820312500e+01
-6.928369140625000000e+01,-6.347268676757812500e+01,-6.640958404541015625e+01,-4.586897277832031250e+01,-4.780857849121093750e+01,-4.788842773437500000e+01,-6.334544372558593750e+01,-7.634222412109375000e+01,-7.017292785644531250e+01,-7.256788635253906250e+01,-7.384721374511718750e+01,-6.634829711914062500e+01,-6.449783325195312500e+01,-6.329329681396484375e+01,-5.573954010009765625e+01,-7.104664611816406250e+01,-7.356065368652343750e+01,-7.481764984130859375e+01,-7.063516235351562500e+01,-7.431698608398437500e+01
-6.977273559570312500e+01,-6.062615966796875000e+01,-6.599031066894531250e+01,-4.523110198974609375e+01,-4.392661285400390625e+01,-4.548888015747070312e+01,-6.030907821655273438e+01,-7.654713439941406250e+01,-6.847406005859375000e+01,-6.669900512695312500e+01,-6.946687316894531250e+01,-6.567091369628906250e+01,-6.712696838378906250e+01,-6.192935943603515625e+01,-5.475386810302734375e+01,-6.980424499511718750e+01,-7.265142822265625000e+01,-7.395813751220703125e+01,-7.144606018066406250e+01,-7.151721954345703125e+01
-6.936866760253906250e+01,-6.104497146606445312e+01,-6.127133560180664062e+01,-4.508668136596679688e+01,-4.174205017089843750e+01,-4.564066314697265625e+01,-6.011028671264648438e+01,-7.682792663574218750e+01,-6.937962341308593750e+01,-6.246113967895507812e+01,-6.209669494628906250e+01,-6.569132995605468750e+01,-6.755123901367187500e+01,-6.233549499511718750e+01,-5.297759246826171875e+01,-6.835881805419921875e+01,-7.451634216308593750e+01,-7.438954162597656250e+01,-6.958792877197265625e+01,-7.148747253417968750e+01
-7.217158508300781250e+01,-6.361875152587890625e+01,-5.809916305541992188e+01,-4.487485504150390625e+01,-4.518553161621093750e+01,-4.607514190673828125e+01,-6.286547088623046875e+01,-7.187480163574218750e+01,-6.813850402832031250e+01,-6.546772003173828125e+01,-6.766990661621093750e+01,-6.413288879394531250e+01,-6.627178955078125000e+01,-6.462442779541015625e+01,-5.377325439453125000e+01,-7.111968231201171875e+01,-7.439935302734375000e+01,-7.162349700927734375e+01,-7.241744995117187500e+01,-7.228699493408203125e+01
-7.087269592285156250e+01,-6.387166595458984375e+01,-6.351687240600585938e+01,-4.728730773925781250e+01,-4.640904235839843750e+01,-4.359622955322265625e+01,-5.995651245117187500e+01,-7.128218078613281250e+01,-6.475544738769531250e+01,-6.675547027587890625e+01,-6.745503234863281250e+01,-6.415065002441406250e+01,-6.567570495605468750e+01,-6.422843933105468750e+01,-5.462497711181640625e+01,-7.056084442138671875e+01,-7.470179748535156250e+01,-7.388185882568359375e+01,-7.190026855468750000e+01,-6.871630096435546875e+01
-7.276213836669921875e+01,-6.850547027587890625e+01,-6.279780578613281250e+01,-5.081051254272460938e+01,-4.543427658081054688e+01,-4.669857788085937500e+01,-5.829865264892578125e+01,-6.481317138671875000e+01,-6.646163177490234375e+01,-7.147292327880859375e+01,-7.087392425537109375e+01,-6.967300415039062500e+01,-6.990324401855468750e+01,-6.474705505371093750e+01,-5.455420684814453125e+01,-7.090994262695312500e+01,-7.415199279785156250e+01,-7.865989685058593750e+01,-7.103167724609375000e+01,-6.191761016845703125e+01
-7.506852722167968750e+01,-6.844439697265625000e+01,-6.266070556640625000e+01,-5.135039520263671875e+01,-4.407218551635742188e+01,-4.516401672363281250e+01,-6.321520233154296875e+01,-6.886257171630859375e+01,-7.228507995605468750e+01,-7.539415740966796875e+01,-7.167718505859375000e+01,-7.459595489501953125e+01,-7.849349975585937500e+01,-6.670626068115234375e+01,-5.597915649414062500e+01,-7.183854675292968750e+01,-7.379948425292968750e+01,-7.733863830566406250e+01,-6.888594055175781250e+01,-5.957514953613281250e+01
-7.605928802490234375e+01,-6.717271423339843750e+01,-5.619346237182617188e+01,-5.379407119750976562e+01,-4.885990905761718750e+01,-5.084696960449218750e+01,-6.823348999023437500e+01,-7.710742950439453125e+01,-7.597166442871093750e+01,-7.462879943847656250e+01,-7.325888061523437500e+01,-7.311853027343750000e+01,-6.970218658447265625e+01,-6.151617813110351562e+01,-5.482696533203125000e+01,-7.355642700195312500e+01,-7.624249267578125000e+01,-7.803161621093750000e+01,-7.119821166992187500e+01,-6.018293380737304688e+01
-8.000000000000000000e+01,-7.200967407226562500e+01,-5.937435150146484375e+01,-5.788700866699218750e+01,-5.478757476806640625e+01,-5.425120544433593750e+01,-7.574002075195312500e+01,-7.215771484375000000e+01,-7.557745361328125000e+01,-8.000000000000000000e+01,-7.706569671630859375e+01,-7.537103271484375000e+01,-7.279196166992187500e+01,-6.178278732299804688e+01,-5.500122070312500000e+01,-7.699395751953125000e+01,-8.000000000000000000e+01,-7.862434387207031250e+01,-7.089551544189453125e+01,-6.151731109619140625e+01
